,City,Cloudiness,Country,Date,Humidity,Lat,Lng,Max Temp,Wind Speed
0,richards bay,90,US,1569909197,93,46.84,-95.91,46.4,12.75
1,cape town,0,CL,1569909197,100,-36.41,-71.9,39.2,4.7
2,haicheng,0,CN,1569909198,37,40.85,122.74,84.29,14.18
3,punta arenas,75,PH,1569909199,74,14.18,121.12,89.01,13.87
4,norman wells,1,US,1569909087,74,35.22,-97.44,79.0,16.11
5,vostok,12,RU,1569909200,59,46.45,135.83,70.97,5.46
6,bluff,25,AU,1569909200,22,-23.58,149.07,86.81,3.02
7,broome,75,GB,1569909200,100,52.47,1.45,59.0,10.29
8,rikitea,53,PF,1569909201,81,-23.12,-134.97,68.99,14.65
9,sabha,0,LY,1569909201,44,27.03,14.43,72.95,6.11
10,jalu,0,LY,1569909201,71,29.03,21.55,71.33,11.16
11,kodiak,1,US,1569909201,83,39.95,-94.76,78.8,6.93
12,cherskiy,95,RU,1569909202,88,68.75,161.3,27.59,11.14
13,nabire,94,ID,1569909202,88,-3.36,135.5,77.63,1.25
14,mataura,97,NZ,1569909202,69,-46.19,168.86,48.0,5.01
15,ushuaia,90,AR,1569909203,80,-54.81,-68.31,33.8,16.11
16,phangnga,20,TH,1569909203,62,8.45,98.53,93.2,10.29
17,albany,90,US,1569908918,82,42.65,-73.75,61.0,14.99
18,jackson,90,US,1569909204,100,43.48,-110.76,30.99,3.56
19,novopavlovka,75,KG,1569909204,71,42.87,74.49,55.4,2.24
20,arraial do cabo,0,BR,1569909204,77,-22.84,-46.65,62.6,18.34
21,xiazhen,75,TW,1569909205,55,23.89,120.95,89.01,13.87
22,maumere,0,ID,1569909205,60,-8.63,122.22,82.13,6.78
23,kulhudhuffushi,94,MV,1569909205,71,6.62,73.07,83.21,11.86
24,hobart,20,AU,1569909064,41,-42.88,147.33,61.0,10.29
25,portland,90,US,1569909182,76,43.66,-70.25,55.0,4.7
26,bhadra,61,IN,1569909206,42,29.1,75.17,89.87,5.59
27,hilo,75,US,1569909207,74,19.71,-155.08,78.8,15.77
28,rawson,0,AR,1569909208,33,-43.3,-65.11,43.43,20.18
29,lebu,75,ET,1569909090,87,8.96,38.73,60.8,2.24
30,abu zabad,75,JP,1569909209,78,34.51,131.49,84.0,3.36
31,birjand,20,IR,1569909209,13,32.86,59.22,78.8,11.99
32,busselton,0,AU,1569909209,34,-33.64,115.35,71.01,4.9
33,kurilsk,70,RU,1569909209,93,45.23,147.88,58.37,13.13
34,khrebtovaya,96,RU,1569909210,77,56.71,104.25,36.77,9.84
35,codrington,30,AU,1569909210,49,-28.95,153.24,69.8,13.87
36,atuona,54,PF,1569909210,76,-9.8,-139.03,79.25,15.79
37,hambantota,75,LK,1569909211,74,6.12,81.12,86.0,3.36
38,chengde,0,CN,1569909211,34,40.97,117.93,79.79,15.77
39,paita,98,PE,1569909211,92,-5.09,-81.11,63.95,15.08
40,tulun,60,RU,1569909212,52,54.56,100.58,42.17,8.9
41,narsaq,52,GL,1569909212,27,60.91,-46.05,51.8,25.28
42,sangar,100,RU,1569909213,94,63.92,127.47,32.81,6.51
43,hamamatsu,20,JP,1569909213,51,34.71,137.73,86.0,9.17
44,pisco,90,PE,1569909213,88,-13.71,-76.2,63.0,11.41
45,dokka,31,NO,1569909214,93,60.83,10.07,34.0,1.01
46,nanortalik,91,GL,1569909089,60,60.14,-45.24,41.09,7.45
47,longyearbyen,40,NO,1569909214,68,78.22,15.63,28.4,13.87
48,tasiilaq,78,GL,1569909100,86,65.61,-37.64,33.8,5.82
49,mildura,0,AU,1569909215,8,-34.18,142.16,79.0,5.82
50,saint-philippe,90,CA,1569909140,100,45.36,-73.48,48.99,9.17
51,jamestown,0,AU,1569909075,25,-33.21,138.6,80.87,9.35
52,sargatskoye,82,RU,1569909216,73,55.6,73.49,45.95,11.14
53,khilok,100,RU,1569909216,48,51.36,110.46,41.09,10.56
54,tuatapere,100,NZ,1569909092,69,-46.13,167.69,48.0,5.01
55,sao filipe,64,IN,1569909216,63,20.51,76.21,82.85,8.25
56,puerto escondido,75,AR,1569909217,80,-51.62,-69.23,33.8,10.29
57,goderich,3,CA,1569909217,87,43.74,-81.71,72.0,1.99
58,hithadhoo,62,MV,1569909217,78,-0.6,73.08,82.31,15.23
59,luena,48,AO,1569909218,62,-11.78,19.91,68.63,4.09
60,christchurch,0,NZ,1569908994,57,-43.53,172.64,48.99,8.05
61,kapaa,75,US,1569908926,78,22.08,-159.32,80.6,12.75
62,boke,3,GN,1569909219,96,10.95,-14.28,72.23,3.38
63,homer,90,US,1569909219,76,59.64,-151.54,50.0,13.87
64,pangody,100,RU,1569909219,97,65.85,74.49,36.05,11.43
65,ostrovnoy,100,RU,1569909219,97,68.05,39.51,40.73,12.84
66,qaanaaq,100,GL,1569909220,96,77.48,-69.36,34.43,10.67
67,mangrol,75,IN,1569909220,70,25.33,76.51,84.2,2.24
68,juneau,90,US,1569909220,93,58.3,-134.42,46.99,18.34
69,chantada,75,ES,1569909221,93,42.61,-7.77,62.01,5.82
70,abha,20,SA,1569909221,42,18.22,42.5,71.6,4.7
71,ngunguru,51,NZ,1569909221,80,-35.62,174.5,50.0,8.01
72,eureka,1,US,1569908952,100,40.8,-124.16,46.99,5.82
73,heze,61,CN,1569909222,30,35.25,115.45,87.71,7.63
74,nikolskoye,90,RU,1569909222,93,59.7,30.79,53.01,6.71
75,mys shmidta,99,RU,1569909223,96,62.06,48.62,47.03,7.2
76,barrow,92,AR,1569909223,56,-38.31,-60.23,46.49,7.38
77,kruisfontein,11,ZA,1569909223,67,-34.0,24.73,57.29,10.63
78,bethel,75,US,1569909224,75,60.79,-161.76,46.4,9.17
79,shenjiamen,100,CN,1569909224,93,29.96,122.3,73.85,48.79
80,berlevag,75,NO,1569908988,86,70.86,29.09,42.8,24.16
81,mahebourg,75,MU,1569909126,83,-20.41,57.7,78.01,17.22
82,college,20,US,1569909225,93,64.86,-147.8,42.8,1.32
83,yellowknife,75,CA,1569909225,86,62.45,-114.38,39.2,6.93
84,hermanus,0,ZA,1569909225,91,-34.42,19.24,59.0,1.99
85,letlhakane,0,BW,1569909226,26,-21.42,25.59,66.11,16.55
86,camacha,40,PT,1569909226,68,33.08,-16.33,69.8,8.05
87,bredasdorp,0,ZA,1569909226,93,-34.53,20.04,55.0,2.24
88,kaitangata,80,NZ,1569909227,55,-46.28,169.85,48.0,11.01
89,glasgow,100,GB,1569909047,70,55.86,-4.24,46.4,13.87
90,puerto ayora,75,AR,1569909227,80,-51.62,-69.23,33.8,10.29
91,castro,20,CL,1569909227,94,-42.48,-73.76,32.0,2.35
92,katsuura,75,JP,1569909153,83,33.93,134.5,87.01,11.41
93,makkaveyevo,20,RU,1569909228,37,51.75,113.95,55.4,8.95
94,ponta do sol,67,BR,1569909228,96,-0.53,-65.05,72.77,0.51
95,bambous virieux,75,MU,1569909229,83,-20.26,57.41,78.01,17.22
96,ketchikan,20,US,1569909229,87,55.34,-131.65,50.0,9.17
97,lukovetskiy,90,RU,1569909229,100,64.29,41.92,48.2,4.47
98,touros,20,BR,1569909229,100,-5.2,-35.46,71.6,4.7
99,guerrero negro,53,AR,1569909230,23,-24.19,-65.45,60.35,7.0
100,vestmanna,95,FO,1569909230,80,62.16,-7.17,41.0,19.46
101,fortuna,1,US,1569909230,100,40.6,-124.16,46.99,5.82
102,sao joao da barra,64,IN,1569909231,63,20.51,76.21,82.85,8.25
103,nacala,18,MZ,1569909231,61,-14.56,40.69,85.37,11.34
104,beian,75,NO,1569909231,93,63.66,9.57,37.99,13.87
105,gejiu,33,CN,1569909232,60,23.36,103.16,73.85,8.23
106,sola,80,TZ,1569909232,48,-3.17,33.8,79.07,2.91
107,saskylakh,97,RU,1569909232,89,71.97,114.09,29.57,10.6
108,ilulissat,63,GL,1569909233,51,69.22,-51.1,37.4,3.36
109,nizhniy odes,0,RU,1569909233,77,45.39,39.24,66.99,6.71
110,bilma,1,NE,1569909088,18,18.69,12.92,83.57,14.45
111,goalpara,84,IN,1569909234,80,26.18,90.62,80.15,9.53
112,quirinopolis,0,BR,1569909234,35,-18.45,-50.45,74.21,3.04
113,zhezkazgan,0,KZ,1569909234,28,47.8,67.71,46.4,15.66
114,east london,100,UG,1569909234,82,3.43,31.7,73.49,1.5
115,gananoque,90,CA,1569909235,93,44.33,-76.16,61.0,4.7
116,kotma,88,IN,1569909235,65,23.2,81.98,83.75,6.24
117,durant,1,US,1569909054,69,33.99,-96.37,82.4,4.7
118,lorengau,98,PG,1569909236,76,-2.02,147.27,83.03,6.78
119,ust-maya,100,RU,1569909236,63,60.42,134.54,40.91,2.75
120,port elizabeth,82,CD,1569909236,88,-7.04,29.76,64.31,2.98
121,komsomolskiy,100,RU,1569909237,86,67.55,63.78,35.51,9.44
122,marystown,10,CA,1569909237,74,47.17,-55.16,40.37,13.06
123,exeter,20,GB,1569909237,93,50.73,-3.53,61.0,9.17
124,butaritari,18,KI,1569909238,59,3.07,172.79,85.37,5.46
125,yerbogachen,90,RU,1569909238,49,61.28,108.01,37.31,9.69
126,upata,70,VE,1569909238,85,8.02,-62.41,80.01,1.99
127,klaksvik,99,FO,1569909239,80,62.23,-6.59,41.0,19.46
128,avarua,79,CK,1569909103,68,-21.21,-159.78,71.6,8.05
129,karakol,79,KG,1569909239,53,42.49,78.39,55.67,7.61
130,kloulklubed,75,PW,1569909239,66,7.04,134.26,87.8,5.82
131,weiser,90,US,1569909240,57,44.25,-116.97,48.2,16.11
132,vagay,63,RU,1569909240,72,57.94,69.02,44.51,11.07
133,stepnyak,13,KZ,1569909240,55,52.83,70.79,44.15,7.34
134,kaeo,40,NZ,1569909241,80,-35.1,173.78,50.0,8.01
135,luderitz,0,NA,1569909241,62,-26.65,15.16,57.2,4.7
136,brae,20,GB,1569909241,81,60.4,-1.35,44.6,14.99
137,pevek,97,RU,1569909242,77,69.7,170.27,31.73,3.91
138,kapenguria,26,KE,1569909242,62,1.25,35.09,72.05,0.67
139,clyde river,57,NZ,1569909242,70,-45.19,169.32,44.01,4.88
140,tuktoyaktuk,40,CA,1569909242,87,69.44,-133.03,42.8,19.46
141,port hawkesbury,82,CD,1569909243,88,-7.04,29.76,64.31,2.98
142,talara,99,PE,1569909243,90,-4.58,-81.27,65.39,19.91
143,souillac,90,FR,1569909243,100,45.6,-0.6,60.01,2.24
144,tiquisate,100,GT,1569909244,99,14.29,-91.37,52.0,5.17
145,hofn,0,IS,1569909245,78,64.25,-15.21,23.81,10.47
146,kiama,20,AU,1569909245,56,-34.67,150.86,68.0,16.11
147,denpasar,20,ID,1569908963,70,-8.65,115.22,84.2,13.87
148,kununurra,40,AU,1569909245,21,-15.77,128.74,102.2,12.75
149,mandera,35,ET,1569909246,54,3.94,41.86,83.57,8.66
150,donskoye,0,RU,1569909246,52,45.45,41.98,66.2,8.95
151,thompson,90,CA,1569909246,64,55.74,-97.86,33.8,3.36
152,lianzhou,0,CN,1569909246,27,24.79,112.38,88.07,3.15
153,nishihara,40,JP,1569909247,65,35.74,139.53,90.0,4.7
154,luau,100,CD,1569909247,63,-10.7,22.23,75.11,2.13
155,huarmey,98,PE,1569909247,94,-10.07,-78.15,61.43,11.9
156,vaini,40,IN,1569909089,61,15.34,74.49,80.6,2.84
157,honningsvag,75,NO,1569909248,80,70.98,25.97,41.0,17.22
158,vao,90,EE,1569909248,79,59.1,26.19,45.41,17.6
159,grand river south east,90,FR,1569909249,82,48.39,5.49,60.8,11.41
160,inuvik,40,CA,1569909249,74,68.36,-133.71,46.4,11.41
161,kargasok,100,RU,1569909249,94,59.06,80.87,38.57,8.79
162,dingle,67,PH,1569909220,71,11.0,122.67,85.55,5.19
163,ocos,75,GT,1569909250,100,14.51,-92.19,78.8,10.0
164,manicore,76,BR,1569909250,75,-5.81,-61.3,75.65,1.92
165,airai,3,TL,1569909250,56,-8.93,125.41,83.21,7.83
166,mecca,0,SA,1569909142,39,21.43,39.83,90.77,1.88
167,ito,20,JP,1569909251,61,34.93,139.09,89.01,11.41
168,torbay,90,CA,1569909251,87,47.66,-52.73,44.01,18.34
169,ballina,75,IE,1569909252,100,54.11,-9.15,53.01,11.41
170,mackay,1,CA,1569909252,80,53.65,-115.58,30.2,4.7
171,alice springs,63,ZA,1569909253,61,-32.79,26.83,56.93,10.83
172,saldanha,45,PT,1569909253,96,41.42,-6.55,57.29,3.83
173,esperance,17,AU,1569909254,56,-33.86,121.89,69.8,13.87
174,kavieng,100,PG,1569909254,69,-2.57,150.8,84.65,9.13
175,muroto,75,JP,1569909254,78,33.37,134.14,80.6,5.82
176,carutapera,92,BR,1569909255,80,-1.2,-46.02,78.89,7.2
177,raymondville,1,US,1569909255,73,37.34,-91.83,75.2,4.7
178,princeton,90,US,1569908983,87,40.35,-74.66,64.4,4.7
179,felanitx,40,ES,1569909255,93,39.47,3.15,70.0,2.24
180,aljezur,21,PT,1569909256,87,37.31,-8.8,66.0,13.53
181,durango,80,MX,1569909256,92,24.02,-104.67,54.05,9.53
182,coquimbo,0,CL,1569909256,87,-29.95,-71.34,50.0,4.7
183,mehamn,75,NO,1569909257,80,71.03,27.85,42.8,17.22
184,millau,0,FR,1569909257,93,44.1,3.08,50.0,3.36
185,sobolevo,99,RU,1569909257,85,54.43,31.9,52.97,20.13
186,grand-lahou,97,CI,1569909257,99,5.24,-5.0,72.59,1.95
187,stokmarknes,0,NO,1569909258,65,68.56,14.91,46.4,12.75
188,turukhansk,97,RU,1569909258,74,65.8,87.96,35.69,12.86
189,tromso,75,NO,1569909123,65,69.65,18.96,44.6,24.16
190,georgetown,24,GY,1569909022,92,6.8,-58.16,77.81,5.39
191,port alfred,82,CD,1569909259,88,-7.04,29.76,64.31,2.98
192,alofi,99,NU,1569909228,88,-19.06,-169.92,75.2,9.17
193,belluno,75,IT,1569909259,88,46.14,12.22,68.0,4.7
194,dikson,77,RU,1569909095,80,73.51,80.55,30.65,13.76
195,nurota,7,UZ,1569909260,24,40.56,65.69,66.2,13.87
196,caravelas,18,BR,1569909260,85,-17.73,-39.27,71.51,7.18
197,tiksi,100,RU,1569909261,88,71.64,128.87,27.23,25.57
198,mar del plata,55,CN,1569909261,47,29.86,90.73,47.39,7.0
199,trairi,69,BR,1569909262,79,-3.28,-39.27,74.21,7.23
200,san cristobal,83,ML,1569909262,55,13.3,-4.9,79.79,9.98
201,bitung,40,ID,1569909262,46,1.44,125.19,91.4,9.17
202,vardo,90,US,1569909263,88,39.62,-77.74,68.0,10.29
203,carlisle,100,GB,1569909105,100,54.89,-2.94,54.0,18.34
204,lavrentiya,82,RU,1569909263,92,65.58,-170.99,34.25,5.39
205,venice,1,US,1569908984,88,27.1,-82.45,79.0,9.17
206,atar,53,MR,1569909264,19,20.52,-13.05,88.07,4.65
207,maragogi,39,BR,1569909264,89,-9.01,-35.22,70.79,2.08
208,nazca,51,PE,1569909265,84,-14.83,-74.94,57.47,2.35
209,aksu,90,KZ,1569909265,52,52.04,76.93,46.4,4.47
210,ozernovskiy,40,RU,1569909266,79,51.5,156.52,43.43,5.88
211,cockburn town,0,AU,1569909266,10,-32.08,141.0,77.0,6.93
212,torrelavega,75,ES,1569909154,93,43.35,-4.05,66.99,4.7
213,kalaleh,0,IR,1569909266,49,37.38,55.49,75.2,4.7
214,san juan,83,ML,1569909267,55,13.3,-4.9,79.79,9.98
215,lajeado,0,BR,1569909267,64,-29.47,-51.96,77.0,8.01
216,lovington,75,US,1569909268,78,32.94,-103.35,73.0,6.93
217,nola,100,CF,1569909268,98,3.52,16.05,68.81,0.67
218,husavik,100,CA,1569909268,99,50.56,-96.99,37.99,4.0
219,chokurdakh,94,RU,1569909099,80,70.62,147.9,27.23,16.62
220,puqi,0,CN,1569909269,28,29.72,113.88,93.11,5.19
221,sao raimundo nonato,64,IN,1569909231,63,20.51,76.21,82.85,8.25
222,half moon bay,75,LR,1569909270,94,6.38,-10.7,75.2,4.79
223,bathsheba,20,BB,1569909270,74,13.22,-59.52,82.4,11.41
224,lagoa,0,PT,1569909270,77,37.14,-8.45,66.2,4.7
225,matagami,89,NG,1569909270,99,9.67,8.4,68.09,4.88
226,rajgarh,33,IN,1569909271,74,24.01,76.73,81.95,10.8
227,lubbock,75,US,1569909217,77,33.58,-101.86,72.0,4.7
228,kondinskoye,78,RU,1569909271,76,59.65,67.41,41.45,15.86
229,new norfolk,75,LR,1569909272,94,6.65,-10.59,75.2,4.79
230,vesyegonsk,100,RU,1569909272,96,58.67,37.27,52.61,7.58
231,provideniya,90,RU,1569909112,87,64.42,-173.23,42.8,8.95
232,elko,90,US,1569909273,69,40.83,-115.76,41.0,5.82
233,labuhan,89,ID,1569909273,42,-2.54,115.51,93.29,2.06
234,upernavik,19,GL,1569909274,65,72.79,-56.15,37.49,7.34
235,altay,37,CN,1569909197,25,47.83,88.13,36.23,6.08
236,cidreira,0,BR,1569909274,86,-30.17,-50.22,65.57,10.29
237,san patricio,83,ML,1569909275,55,13.3,-4.9,79.79,9.98
238,nirasaki,20,JP,1569909275,34,35.72,138.41,82.0,3.36
239,ponta delgada,67,BR,1569909275,96,-0.53,-65.05,72.77,0.51
240,mogzon,98,RU,1569909276,53,51.74,111.97,41.81,13.49
241,datong,79,CN,1569909276,34,40.09,113.3,75.83,13.78
242,vila franca do campo,75,IT,1569909276,100,45.18,8.4,64.99,5.82
243,athabasca,0,CA,1569909276,95,54.72,-113.29,26.87,5.66
244,iqaluit,90,CA,1569909277,86,63.75,-68.52,37.4,5.82
245,lukang,75,TW,1569909277,55,24.06,120.44,89.01,13.87
246,vestmannaeyjar,100,IS,1569909277,81,63.44,-20.27,47.93,12.77
247,isiro,94,CD,1569909278,93,2.77,27.62,70.43,2.26
248,port lincoln,82,CD,1569909001,88,-7.04,29.76,64.31,2.98
249,yagodnoye,93,RU,1569909278,69,62.52,149.63,22.55,3.22
250,sollies-pont,75,FR,1569909279,93,43.19,6.04,66.0,3.36
251,victoria,75,BN,1569909279,70,5.28,115.24,86.0,8.05
252,palu,88,ID,1569909279,68,-0.9,119.87,83.75,4.16
253,ostend,75,DE,1569909279,82,50.11,8.7,57.0,10.29
254,solnechnyy,53,RU,1569909280,60,50.72,136.64,61.43,8.05
255,fontem,100,CM,1569909280,95,5.49,9.85,72.23,1.16
256,dourbali,39,TD,1569909280,75,11.81,15.86,78.35,8.34
257,cap malheureux,90,FR,1569909281,93,49.27,-1.21,64.4,16.11
258,yaan,98,NG,1569909281,96,7.38,8.57,72.95,3.67
259,chicama,90,PE,1569909281,87,-7.84,-79.15,60.8,9.17
260,valparaiso,1,US,1569909054,88,41.47,-87.06,77.0,5.82
261,galle,79,GN,1569909282,95,10.08,-12.83,71.15,0.22
262,aswan,0,EG,1569909283,38,24.09,32.9,77.0,4.7
263,wukari,100,NG,1569909283,90,7.87,9.78,74.03,3.78
264,maniwaki,100,CA,1569909284,96,46.38,-75.98,42.17,5.35
265,namatanai,29,PG,1569909284,74,-3.66,152.44,81.77,6.53
266,ramganj mandi,75,IN,1569909284,78,26.32,88.29,78.8,3.36
267,praia da vitoria,0,BR,1569909284,68,-20.25,-43.81,68.0,8.05
268,zhigansk,52,RU,1569909285,58,66.77,123.37,30.83,10.8
269,mizdah,0,LY,1569909285,64,31.45,12.98,67.19,1.9
270,itarema,47,BR,1569909285,72,-2.92,-39.92,77.45,9.78
271,santo antonio do ica,100,EC,1569909222,91,-0.59,-80.0,69.53,4.85
272,lazaro cardenas,40,MX,1569909286,61,29.05,-111.04,77.0,3.8
273,santona,75,ES,1569909286,93,43.44,-3.46,66.99,4.7
274,cap-aux-meules,39,CA,1569909287,66,47.38,-61.86,48.47,19.89
275,matanzas,20,CU,1569909287,83,23.05,-81.58,77.0,10.29
276,kahului,40,US,1569909287,69,20.89,-156.47,80.6,10.29
277,jiayuguan,24,CN,1569909287,31,39.77,98.29,64.13,6.44
278,agadez,0,NE,1569909288,65,16.97,7.99,80.6,2.24
279,port hardy,82,CD,1569909259,88,-7.04,29.76,64.31,2.98
280,oranjemund,58,ZA,1569909144,85,-28.55,16.43,56.39,18.61
281,verkh-chebula,83,RU,1569909289,71,56.03,87.61,39.65,7.83
282,rocha,100,UY,1569909289,99,-34.48,-54.34,64.67,4.12
283,piacabucu,19,BR,1569909289,82,-10.41,-36.43,74.93,8.66
284,kutum,67,SD,1569909289,66,14.2,24.66,75.47,10.07
285,san quintin,83,ML,1569909262,55,13.3,-4.9,79.79,9.98
286,novikovo,100,RU,1569909290,86,51.15,37.89,56.57,12.26
287,lamu,0,CN,1569909290,28,35.77,102.37,68.09,2.44
288,kaspi,75,GE,1569909291,82,41.93,44.42,62.6,3.36
289,rovigo,75,IT,1569909291,88,45.07,11.79,69.01,8.05
290,esso,100,RU,1569909291,95,55.93,158.7,31.91,4.0
291,severo-kurilsk,47,RU,1569909292,80,50.68,156.12,45.05,10.4
292,dibulla,100,CO,1569909292,77,11.27,-73.31,82.85,6.06
293,tsumeb,0,NA,1569909292,27,-19.25,17.72,53.6,3.36
294,waraseoni,98,IN,1569909293,84,21.76,80.05,81.23,5.79
295,churapcha,98,RU,1569909293,65,62.0,132.43,37.49,6.35
296,fort smith,79,IN,1569909294,68,17.96,79.61,85.73,7.4
297,nordhausen,40,DE,1569909294,76,51.51,10.79,57.0,19.46
298,mundra,5,IN,1569909295,62,22.84,69.73,87.89,13.89
299,naryan-mar,100,RU,1569909295,89,67.67,53.09,40.19,4.56
300,marsh harbour,90,GB,1569909295,93,53.65,-1.81,55.0,6.93
301,nikolayevskaya,0,RU,1569909296,76,43.22,44.21,60.8,2.24
302,batagay,72,RU,1569909296,58,67.65,134.64,29.39,4.5
303,kilindoni,53,TZ,1569909296,82,-7.91,39.67,79.79,7.09
304,panubigan,75,PH,1569909297,70,7.13,122.25,86.0,6.93
305,verkhoyansk,94,RU,1569909297,58,67.55,133.39,29.75,1.14
306,krasnoye,0,RU,1569909297,77,44.87,39.46,66.99,6.71
307,shihezi,89,CN,1569909298,39,44.3,86.03,57.83,9.17
308,yulara,31,AU,1569909298,6,-25.24,130.99,100.4,8.05
309,beringovskiy,97,RU,1569909299,97,63.05,179.32,42.71,5.97
310,khatanga,28,RU,1569909202,67,71.98,102.47,28.67,3.13
311,ferme-neuve,100,CA,1569909299,91,46.7,-75.45,42.17,4.23
312,sipovo,6,BA,1569909121,93,44.28,17.08,53.33,4.59
313,ailigandi,98,PA,1569909301,76,9.23,-78.02,79.79,7.7
314,constantine,0,DZ,1569909301,81,36.36,6.61,53.6,1.12
315,flinders,20,AU,1569909204,56,-34.58,150.85,72.0,16.11
316,ilesha,84,NG,1569909302,97,7.14,5.26,71.69,1.88
317,burnie,23,AU,1569909302,48,-41.05,145.91,64.99,4.0
318,pandaria,93,IN,1569909303,84,22.22,81.41,78.17,8.5
319,iskateley,100,RU,1569909303,89,67.68,53.15,40.19,4.56
320,hajmasker,0,HU,1569909303,71,47.15,18.02,55.4,6.93
321,garowe,6,SO,1569909304,56,8.41,48.48,78.53,4.27
322,muros,75,ES,1569909304,93,42.77,-9.06,66.99,5.82
323,tessalit,33,ML,1569909305,16,20.2,1.01,82.85,9.62
324,visegrad,20,BA,1569909305,57,43.78,19.3,51.8,1.12
325,kurmanayevka,96,RU,1569909305,56,52.51,52.07,52.79,19.01
326,saquena,100,PE,1569909306,88,-4.67,-73.52,73.85,2.39
327,monroe,1,US,1569909306,88,41.91,-83.4,73.4,6.96
328,monster,75,NL,1569909306,93,52.03,4.17,63.0,16.11
329,port blair,82,CD,1569909236,88,-7.04,29.76,64.31,2.98
330,rio grande,1,US,1569909307,78,41.11,-90.4,75.99,8.05
331,hami,19,CN,1569909307,18,42.84,93.51,73.67,4.56
332,tadine,100,NC,1569909308,78,-21.55,167.88,72.05,19.06
333,pinyug,100,RU,1569909308,95,60.25,47.79,48.83,10.45
334,tabuk,88,PH,1569909308,93,17.41,121.44,70.97,3.6
335,curvelo,8,BR,1569909309,79,-18.76,-44.43,67.91,8.68
336,smithers,75,CA,1569909309,56,54.78,-127.17,44.6,3.36
337,gua musang,98,PH,1569909309,71,11.21,122.05,83.75,4.36
338,nicoya,20,CR,1569909310,88,10.15,-85.45,77.0,2.24
339,corn island,0,FR,1569909310,93,44.61,1.9,52.0,3.36
340,qandala,9,SO,1569909311,66,11.47,49.87,86.27,4.56
341,yankton,90,US,1569909311,93,42.87,-97.4,57.2,8.05
342,puerto narino,75,AR,1569909312,80,-51.62,-69.23,33.8,10.29
343,ribeira grande,90,PT,1569909312,100,41.76,-8.56,64.4,6.93
344,manaure,98,CO,1569909312,75,11.78,-72.45,84.29,9.66
345,kundiawa,100,PG,1569909313,98,-6.02,144.97,54.95,4.52
346,yeppoon,75,AU,1569909313,64,-23.13,150.74,75.2,17.22
347,constitucion,80,MX,1569909191,92,23.99,-104.67,54.05,9.53
348,xining,0,CN,1569909314,39,36.62,101.77,72.0,7.96
349,virginia beach,1,US,1569909314,78,39.95,-90.21,75.99,5.82
350,cimarron hills,75,US,1569909314,78,37.81,-100.35,77.0,25.28
351,yamada,20,JP,1569909315,65,36.58,137.08,82.0,9.17
352,corinto,75,CO,1569909315,94,3.17,-76.26,69.8,4.7
353,ust-ishim,82,RU,1569909315,74,57.69,71.17,43.79,10.98
354,lasa,20,CY,1569909316,50,34.92,32.53,75.2,5.82
355,perivolion,20,GR,1569909316,88,39.42,20.01,66.2,4.79
356,kirchheim,40,DE,1569909316,76,50.88,11.02,57.0,19.46
357,dawson creek,1,US,1569909317,83,39.85,-89.46,77.0,6.93
358,derendingen,0,CH,1569909317,100,47.2,7.59,52.0,3.18
359,catalao,1,BR,1569909317,45,-18.17,-47.95,71.15,7.52
360,paamiut,100,GL,1569909318,65,61.99,-49.67,42.35,2.3
361,kibakwe,61,TZ,1569909318,54,-6.71,36.37,78.17,6.62
362,sitka,100,US,1569909319,80,37.17,-99.65,77.0,17.0
363,shar,98,NG,1569909319,96,7.3,8.73,72.95,3.67
364,tateyama,20,JP,1569909319,65,36.66,137.31,82.0,9.17
365,leningradskiy,99,RU,1569909096,68,69.38,178.42,38.57,5.26
366,chuy,78,UY,1569909320,90,-33.69,-53.46,65.21,7.85
367,koygorodok,100,RU,1569909320,94,60.44,51.01,49.01,9.42
368,deputatskiy,20,RU,1569909166,91,69.3,139.9,12.83,3.71
369,shaunavon,100,CA,1569909321,98,49.65,-108.41,28.49,7.99
370,mogadishu,75,SO,1569909192,69,2.04,45.34,82.4,11.41
371,zhoucheng,90,CN,1569909322,88,31.35,119.33,75.2,11.18
372,sur,0,OM,1569909322,41,22.57,59.53,93.65,8.57
373,ende,0,ID,1569909322,76,-8.84,121.65,79.25,5.37
374,dauphin,90,CA,1569909323,95,51.15,-100.04,32.0,8.05
375,riyadh,0,SA,1569909323,27,24.63,46.72,87.8,2.24
376,darnah,0,LY,1569909324,70,32.77,22.64,75.65,9.66
377,waipawa,100,NZ,1569909324,91,-39.94,176.59,44.01,8.03
378,erenhot,37,CN,1569909324,26,43.65,111.97,81.41,15.82
379,lashio,58,MM,1569909325,49,22.93,97.75,86.81,3.38
380,aklavik,40,CA,1569909139,68,68.22,-135.01,46.4,11.41
381,alekseyevsk,81,RU,1569909325,53,57.84,108.35,40.01,8.5
382,oranjestad,20,AW,1569909145,79,12.52,-70.03,84.2,9.17
383,kharan,0,PK,1569909326,27,28.58,65.42,88.43,4.12
384,manbij,0,SY,1569909326,40,36.53,37.96,68.0,5.48
385,beloha,0,MG,1569909326,35,-25.17,45.06,80.15,5.75
386,carnarvon,0,ZA,1569909327,58,-30.97,22.13,48.65,11.54
387,iwanai,0,JP,1569909327,72,42.97,140.51,66.83,7.27
388,nouadhibou,90,MR,1569909328,93,20.93,-17.03,66.2,10.29
389,batagay-alyta,0,RU,1569909328,70,67.8,130.41,13.91,4.29
390,chute-aux-outardes,90,CA,1569909328,75,49.12,-68.38,42.8,2.24
391,flin flon,22,FR,1569909329,76,48.5,6.66,57.2,8.05
392,perth,0,AU,1569909168,37,-31.95,115.86,73.99,8.05
393,sayyan,14,YE,1569909329,50,15.17,44.32,75.11,4.59
394,saint-georges,95,CA,1569909330,87,46.12,-70.67,46.99,3.62
395,lodja,33,CD,1569909330,93,-3.52,23.6,72.23,2.17
396,fandriana,0,MG,1569909330,50,-20.24,47.38,74.75,3.44
397,apollonia,0,GR,1569909331,58,40.64,23.49,73.99,1.01
398,cascais,20,PT,1569909331,88,38.7,-9.42,64.99,4.7
399,maniitsoq,33,GL,1569909331,69,65.42,-52.9,39.83,7.02
400,pontevedra,90,ES,1569909332,100,42.43,-8.64,66.99,6.93
401,vieste,5,IT,1569909332,93,41.88,16.18,63.0,3.36
402,dzaoudzi,40,YT,1569909332,79,-12.79,45.27,84.2,12.75
403,tucumcari,40,US,1569909333,78,35.17,-103.73,71.6,10.29
404,mashhad,0,IR,1569909061,32,36.3,59.61,66.2,9.17
405,udachnyy,75,RU,1569909333,92,66.42,112.4,26.6,4.47
406,sorong,62,ID,1569909333,81,-0.86,131.25,82.31,2.1
407,francistown,0,BW,1569909198,23,-21.17,27.5,62.6,8.05
408,kabalo,3,CD,1569909334,82,-6.05,26.92,75.11,3.56
409,gat,4,SN,1569909334,94,14.69,-16.54,78.8,6.93
410,okha,93,RU,1569909334,77,53.59,142.95,49.73,6.4
411,malibu,40,MX,1569909335,94,16.77,-93.16,73.4,3.36
412,bismarck,90,US,1569909335,93,46.81,-100.78,42.01,14.99
413,etchoropo,100,MX,1569909335,86,26.77,-109.67,78.01,1.99
414,soubre,97,CI,1569909336,99,5.79,-6.61,70.97,2.39
415,miles city,36,AU,1569909336,51,-26.66,150.19,70.79,12.66
416,mitzic,98,GA,1569909337,98,0.78,11.55,67.37,1.05
417,ust-tsilma,100,RU,1569909337,95,65.44,52.15,43.79,3.89
418,adrar,0,DZ,1569909337,17,27.87,-0.29,77.0,4.7
419,anadyr,20,RU,1569909338,87,64.73,177.51,44.6,13.42
420,sabang,99,PH,1569909338,76,13.8,121.11,87.01,4.0
421,chapais,90,CA,1569909339,93,49.78,-74.86,35.6,5.82
422,srednekolymsk,95,RU,1569909339,72,67.46,153.71,29.03,7.76
423,kamenka,7,MD,1569909340,72,48.03,28.7,55.0,4.0
424,gisborne,68,NZ,1569909340,77,-38.66,178.02,48.99,4.0
425,pangnirtung,100,CA,1569909340,98,66.15,-65.72,31.01,1.16
426,kodinsk,12,RU,1569909341,55,58.6,99.18,42.17,7.11
427,tilichiki,98,RU,1569909341,90,60.47,166.1,39.11,8.37
428,bilibino,100,RU,1569909341,97,68.06,166.44,24.17,3.76
429,qaqortoq,52,GL,1569909342,27,60.72,-46.03,51.8,25.28
430,phalaborwa,100,ZA,1569909342,59,-23.95,31.14,60.8,19.46
431,bognor regis,75,CA,1569909343,88,44.52,-80.74,72.0,9.17
432,bhunya,100,SZ,1569909343,100,-26.54,31.01,44.6,9.17
433,rock sound,75,GB,1569909344,100,52.34,-2.39,57.99,4.7
434,cabo san lucas,75,ES,1569909344,88,43.18,-5.8,64.0,3.36
435,wilmington,90,US,1569909344,77,39.75,-75.55,66.2,9.04
436,manggar,90,ID,1569909344,44,-2.88,108.27,90.23,10.27
437,porto novo,75,PT,1569909345,93,41.15,-8.61,64.99,9.62
438,bahia de caraquez,14,BR,1569909345,96,-3.55,-40.25,67.73,2.91
439,kushima,75,JP,1569909346,78,31.5,131.29,80.6,6.93
440,cacule,87,BR,1569909347,86,-14.5,-42.22,66.83,13.4
441,chegdomyn,38,RU,1569909347,61,51.13,133.04,59.45,4.43
442,cockburn harbour,0,AU,1569909266,10,-32.08,141.0,77.0,6.93
443,muisne,70,EC,1569909348,87,0.61,-80.02,75.65,20.76
444,mitsamiouli,88,KM,1569909348,83,-11.38,43.28,79.97,10.02
445,san rafael,83,ML,1569909262,55,13.3,-4.9,79.79,9.98
446,puerto ayacucho,75,AR,1569909312,80,-51.62,-69.23,33.8,10.29
447,carroll,40,AU,1569909349,22,-30.99,150.44,77.0,5.82
448,mingguang,48,CN,1569909349,48,32.78,118.01,83.57,10.8
449,baykit,96,RU,1569909178,65,61.68,96.39,32.99,6.46
450,mount isa,90,GB,1569909350,93,53.66,-1.85,54.0,6.93
451,praya,20,ID,1569909350,58,-8.71,116.27,87.8,13.87
452,haines junction,75,US,1569909351,74,44.91,-117.94,39.99,8.05
453,rosarito,40,CO,1569909351,100,4.91,-75.23,64.4,4.7
454,vila velha,75,IT,1569909351,100,45.18,8.4,64.99,5.82
455,zemio,100,CF,1569909352,94,5.02,25.13,69.71,3.29
456,aneho,20,TG,1569909352,94,6.23,1.6,75.2,3.36
457,talnakh,75,RU,1569909352,89,69.49,88.39,32.0,8.95
458,ulaangom,52,MN,1569909353,37,49.98,92.07,42.53,7.61
459,jeremie,98,HT,1569909353,78,18.65,-74.12,79.25,5.08
460,jian,76,IN,1569909353,73,25.65,87.89,81.59,3.47
461,saint-augustin,90,CA,1569909354,100,45.63,-73.98,48.99,9.17
462,hasaki,75,JP,1569909354,61,35.73,140.83,91.0,4.7
463,laguna,75,BZ,1569909354,94,16.17,-88.94,78.8,1.05
464,methoni,0,GR,1569909355,88,36.82,21.7,73.0,8.05
465,shache,18,CN,1569909355,16,38.42,77.24,77.99,5.28
466,ahipara,80,NZ,1569909356,68,-35.17,173.16,52.97,26.46
467,jabinyanah,20,TN,1569909356,88,35.03,10.91,69.8,4.7
468,novoukrainskoye,0,RU,1569909356,71,45.38,40.53,63.0,8.48
469,northfield,75,GB,1569909357,100,52.41,-1.96,57.99,4.7
470,yokadouma,100,CM,1569909357,99,3.52,15.05,67.55,2.28
471,tiarei,40,PF,1569909358,69,-17.53,-149.33,78.8,1.12
472,balikpapan,100,ID,1569909358,56,-1.24,116.86,86.45,5.1
473,halifax,75,CA,1569909208,70,44.65,-63.58,44.01,5.82
474,kavaratti,40,IN,1569909097,74,10.57,72.64,86.0,4.7
475,northam,40,AU,1569909359,49,-31.65,116.67,71.6,11.41
476,kota,75,IN,1569909359,70,25.17,75.86,84.2,2.24
477,jinchang,0,CN,1569909359,17,38.52,102.19,74.39,12.17
478,cayenne,0,GF,1569909104,94,4.94,-52.33,75.2,3.09
479,serebryansk,0,KZ,1569909360,41,49.68,83.3,40.01,6.46
480,bac lieu,0,RS,1569909360,87,45.39,19.24,55.99,2.44
481,alyangula,80,AU,1569909361,58,-13.85,136.42,87.8,12.75
482,griffith,0,AU,1569909361,25,-34.29,146.06,78.8,6.93
483,takaka,100,NZ,1569909361,88,-40.86,172.81,48.0,1.99
484,alihe,20,CN,1569909362,56,50.57,123.73,67.73,3.6
485,mbandaka,100,CD,1569909362,97,0.05,18.26,70.61,2.77
486,coahuayana,98,MX,1569909362,98,18.62,-100.35,67.55,1.81
487,puertollano,0,ES,1569909363,76,38.69,-4.11,64.99,1.12
488,mustasaari,90,FI,1569909363,93,63.17,21.67,50.0,8.05
489,nioro,23,GM,1569909363,90,13.79,-15.05,76.01,7.45
490,arkadak,100,RU,1569909364,74,51.94,43.49,56.93,18.48
491,byron bay,75,US,1569909364,69,32.65,-83.76,80.01,5.82
492,vostochnyy,90,RU,1569909365,93,55.82,37.87,59.0,11.18
493,cheremukhovo,100,RU,1569909365,88,56.23,46.23,52.43,13.73
494,qinzhou,1,CN,1569909365,37,21.96,108.62,91.67,8.5
495,muriwai beach,9,NZ,1569909365,76,-36.83,174.44,53.01,13.87
496,padang,60,ID,1569909366,84,-0.92,100.36,78.53,12.75
497,guarapari,75,BR,1569909366,83,-20.67,-40.5,73.0,4.7
498,zverinogolovskoye,45,RU,1569909367,49,54.46,64.85,47.39,14.09
499,shakawe,0,BW,1569909367,22,-18.36,21.84,65.39,15.79
500,luangwa,31,MZ,1569909367,16,-15.62,30.4,83.39,3.8
501,gravelbourg,100,CA,1569909368,96,49.88,-106.56,32.45,6.6
502,abaza,0,RU,1569909368,40,52.65,90.1,42.71,1.92
503,nioki,92,CD,1569909368,90,-2.72,17.69,71.69,1.7
504,riviere-au-renard,75,CA,1569909368,80,49.0,-64.4,39.2,6.93
505,san andres,83,ML,1569909369,55,13.3,-4.9,79.79,9.98
506,niteroi,0,BR,1569909370,82,-29.95,-51.16,77.0,4.7
507,kitcharao,41,PH,1569909370,63,9.45,125.57,85.19,2.62
508,phan thiet,20,TH,1569909370,66,19.55,99.74,91.0,3.36
509,kudahuvadhoo,96,MV,1569909371,73,2.67,72.89,81.77,7.43
510,durban,100,CA,1569909326,97,51.93,-101.44,36.77,5.66
511,san fernando,83,ML,1569909275,55,13.3,-4.9,79.79,9.98
512,noumea,0,NC,1569909372,57,-22.28,166.46,75.2,13.87
513,bjerkvik,75,NO,1569909373,70,68.55,17.56,46.0,11.41
514,port augusta,82,CD,1569909373,88,-7.04,29.76,64.31,2.98
515,buloh kasap,100,ID,1569909373,69,5.25,96.14,82.13,7.36
516,kasongo-lunda,96,CD,1569909374,82,-6.48,16.82,69.71,1.92
517,svetlogorsk,21,RU,1569909374,60,53.14,59.15,42.8,8.95
518,faanui,44,PF,1569909374,80,-16.48,-151.75,77.09,21.05
519,ustka,100,PL,1569909375,72,54.58,16.86,54.59,16.96
520,grindavik,75,IS,1569909238,93,63.84,-22.43,42.8,5.82
521,west monroe,1,US,1569909375,69,31.8,-97.09,82.4,13.87
522,barra patuca,0,GM,1569909376,94,13.49,-16.54,78.8,9.8
523,tecoanapa,75,MX,1569909376,88,16.99,-99.26,75.2,2.24
524,beihai,0,CN,1569909376,44,38.95,121.19,80.6,13.42
525,cooma,0,AU,1569909377,22,-36.24,149.13,68.0,4.7
526,abu dhabi,75,JP,1569909377,78,34.51,131.49,84.0,3.36
527,sioux lookout,90,US,1569909377,100,46.74,-90.88,64.99,7.38
528,aasiaat,92,GL,1569909378,73,68.71,-52.87,36.41,8.41
529,karaton,20,ID,1569909378,52,-6.34,106.1,95.0,9.17
530,puerto leguizamo,75,AR,1569909312,80,-51.62,-69.23,33.8,10.29
531,gamba,36,CN,1569909379,39,28.28,88.52,45.95,7.54
532,tokomaru,100,NZ,1569909379,81,-40.47,175.51,46.99,3.0
533,aleksandrov gay,100,RU,1569909379,94,56.4,38.71,53.87,10.98
534,inhambane,75,MZ,1569909380,88,-23.87,35.38,75.2,14.09
535,moroni,0,GR,1569909380,60,35.09,24.92,78.01,6.93
536,banda aceh,22,IN,1569909380,67,28.24,80.11,82.13,4.68
537,mount gambier,90,GB,1569909381,93,53.66,-1.85,54.0,6.93
538,sao paulo de olivenca,64,IN,1569909381,63,20.51,76.21,82.85,8.25
539,sawakin,0,SD,1569909381,55,19.1,37.33,91.4,3.36
540,jambi,96,ID,1569909274,37,-1.6,103.62,92.93,5.19
541,salgueiro,21,BR,1569909382,70,-8.07,-39.12,73.13,12.55
542,kedgwick,100,CA,1569909382,85,47.65,-67.35,36.95,6.15
543,santa maria,61,PH,1569909382,69,17.49,120.43,83.93,5.93
544,shahreza,0,IR,1569909383,17,32.01,51.87,72.23,8.37
545,aykhal,75,RU,1569909233,92,65.95,111.51,26.6,4.47
546,santa cruz de tenerife,61,PH,1569909383,69,17.49,120.43,83.93,5.93
547,yanzhou,36,CN,1569909384,30,35.55,116.82,85.55,4.03
548,poopo,10,BO,1569909384,42,-18.38,-66.97,48.83,11.65
549,tura,56,RU,1569909384,62,64.27,100.22,33.71,9.86
550,geraldton,90,CA,1569909385,93,49.72,-86.95,42.8,6.93
551,eganville,90,CA,1569909385,93,45.54,-77.1,50.0,8.05
552,kaputa,92,ZM,1569909385,59,-8.47,29.66,76.19,1.81
553,panjab,0,AF,1569909386,23,34.38,67.02,57.29,16.13
